sep=,
"Bintang","Petak","Layer","Elemen","Bentuk","Nama","Id","FileIkon","Status","Selesai","Kind","Deskripsi","Prompt","PathIkon"
"1","1","Segel","Arcane","Dot","Keen Sigil","segelmata","Icon_segelmata.png","placeholder","","Passive","+8% critical chance. Passive - never fires.","a round wax seal stamped with a wide unblinking lidless eye set inside a diamond, perfectly symmetrical, flat heraldic stamp with a single ring border, iris in bright violet #B478FF on deep arcane purple #2A1147, static and watchful with no glow rays and no motion, dark fantasy game asset, toon shaded, thick uniform black outline, flat cel shading with only two tone steps, limited palette, strong rim light from upper left, bold readable silhouette, centered, no text, no watermark, no border frame, transparent background, painterly-graphic hybrid in the style of Hades and Cult of the Lamb","D:\GameGamma\Project_S1(fix)\Assets\GameData\Icons\Icon_segelmata.png"
"1","1","Segel","Arcane","Dot","Ward Sigil","segelpenangkal","Icon_segelpenangkal.png","placeholder","","Passive","Kutukan yang menempel padamu berakhir 20% lebih cepat.","a round wax seal stamped with an open upright palm, fingers pressed together, a small circle carved in the center of the palm, a perfectly symmetrical hamsa-like warding emblem with a single ring border, hand in pale violet #B478FF on deep arcane purple #2A1147, flat and protective with no energy and no motion, dark fantasy game asset, toon shaded, thick uniform black outline, flat cel shading with only two tone steps, limited palette, strong rim light from upper left, bold readable silhouette, centered, no text, no watermark, no border frame, transparent background, painterly-graphic hybrid in the style of Hades and Cult of the Lamb","D:\GameGamma\Project_S1(fix)\Assets\GameData\Icons\Icon_segelpenangkal.png"
"1","1","Skill","Arcane","Dot","Minor Heal","minorheal","Icon_minorheal.png","placeholder","","Heal","A small top-up on a long cooldown. One cell.","A single fat teardrop of glowing liquid hovering above an open cupped palm, one small sparkle beside it. Small, quiet, rounded, non-aggressive. Arcane palette: parchment #E8D9B0 droplet on deep void purple #2A1147, violet #B478FF palm. dark fantasy game asset, toon shaded, thick uniform black outline, flat cel shading with only two tone steps, limited palette, strong rim light from upper left, bold readable silhouette, centered, no text, no watermark, no border frame, transparent background, painterly-graphic hybrid in the style of Hades and Cult of the Lamb","D:\GameGamma\Project_S1(fix)\Assets\GameData\Icons\Icon_minorheal.png"
"1","1","Skill","Fire","Dot","Fireball","fireball","Icon_fireball.png","placeholder","","Projectile","""Fast single bolt. One cell \u2014 it fits wherever nothing else will.""","a single compact comet of fire flying diagonally upward, round molten head with a short teardrop tail of two flame tongues, one small ember shed behind it, bright orange #FF6A26 flame over deep ember red #7A1F0B underbelly, dark fantasy game asset, toon shaded, thick uniform black outline, flat cel shading with only two tone steps, limited palette, strong rim light from upper left, bold readable silhouette, centered, no text, no watermark, no border frame, transparent background, painterly-graphic hybrid in the style of Hades and Cult of the Lamb","D:\GameGamma\Project_S1(fix)\Assets\GameData\Icons\Icon_fireball.png"
"1","1","Skill","Ice","Dot","Frost Shard","frostshard","Icon_frostshard.png","placeholder","","Projectile","A fast shard. The cheapest source of CHILL.","a single slender icicle dart tilted diagonally upward-right, angular faceted point, two small frozen motes trailing behind its tail to imply speed, glassy pale ice #6FD6FF with deep teal #123A52 facet shadows and one white glint on the tip, dark fantasy game asset, toon shaded, thick uniform black outline, flat cel shading with only two tone steps, limited palette, strong rim light from upper left, bold readable silhouette, centered, no text, no watermark, no border frame, transparent background, painterly-graphic hybrid in the style of Hades and Cult of the Lamb","D:\GameGamma\Project_S1(fix)\Assets\GameData\Icons\Icon_frostshard.png"
"1","1","Skill","Lightning","Dot","Spark Bolt","sparkbolt","Icon_sparkbolt.png","placeholder","","Projectile","The fastest bolt in the book. Applies SHOCK.","A single fat arrowhead-shaped dart of solid lightning streaking diagonally, its body one thick angular zigzag wedge with a short blunt spark trail of two chunky fragments behind it, drawn in bright golden yellow #FFD84D over a deep storm umber #4A3A00 glow, dark fantasy game asset, toon shaded, thick uniform black outline, flat cel shading with only two tone steps, limited palette, strong rim light from upper left, bold readable silhouette, centered, no text, no watermark, no border frame, transparent background, painterly-graphic hybrid in the style of Hades and Cult of the Lamb","D:\GameGamma\Project_S1(fix)\Assets\GameData\Icons\Icon_sparkbolt.png"
"1","2","Rune","Arcane","Line2","Void Rune","voidrune","Icon_voidrune.png","placeholder","","Line","'2 panjang. Tiap petak skill di atasnya: radius +25%.'","A two-cell stone strip carved with a single engraved ring whose center has been eaten away into a black hollow, a thin faint corona of violet light tracing the rim of the emptiness, a dark calm carved base tile with low contrast on purpose, deep arcane stone in #2A1147 with the hollow in pure #14100C and a restrained corona line of #B478FF, dark fantasy game asset, toon shaded, thick uniform black outline, flat cel shading with only two tone steps, limited palette, strong rim light from upper left, bold readable silhouette, centered, no text, no watermark, no border frame, transparent background, painterly-graphic hybrid in the style of Hades and Cult of the Lamb","D:\GameGamma\Project_S1(fix)\Assets\GameData\Icons\Icon_voidrune.png"
"1","2","Segel","Arcane","Line2","Chain Sigil","segelrantai","Icon_segelrantai.png","placeholder","","Passive","+1 ailment point per application. Fills trigger thresholds faster.","a round wax seal stamped with a ring of interlocked chain links framing one bold central link, perfectly symmetrical heraldic stamp, links in violet #B478FF pressed into deep arcane purple #2A1147, flat and rigid with no swinging and no motion, dark fantasy game asset, toon shaded, thick uniform black outline, flat cel shading with only two tone steps, limited palette, strong rim light from upper left, bold readable silhouette, centered, no text, no watermark, no border frame, transparent background, painterly-graphic hybrid in the style of Hades and Cult of the Lamb","D:\GameGamma\Project_S1(fix)\Assets\GameData\Icons\Icon_segelrantai.png"
"1","2","Segel","Arcane","Line2","Ember Sigil","segelbara","Icon_segelbara.png","placeholder","","Passive","2 long. +3 mana per second. Passive - never fires.","a small round wax seal stamped with a single still candle-flame emblem inside a plain carved ring, the teardrop flame perfectly symmetrical and frozen like a heraldic charge, soft violet #B478FF glyph on deep arcane purple #2A1147, flat and calm with no sparks, no embers, no motion, dark fantasy game asset, toon shaded, thick uniform black outline, flat cel shading with only two tone steps, limited palette, strong rim light from upper left, bold readable silhouette, centered, no text, no watermark, no border frame, transparent background, painterly-graphic hybrid in the style of Hades and Cult of the Lamb","D:\GameGamma\Project_S1(fix)\Assets\GameData\Icons\Icon_segelbara.png"
"1","2","Segel","Arcane","Line2","Flowing Ink","tintamengalir","Icon_tintamengalir.png","placeholder","","Passive","2 long. +2.5 defence. Passive - never fires.","a round wax seal stamped with one fat ink droplet suspended above a shallow open inkwell, perfectly symmetrical, flat like a scribe's guild stamp with a single ring border, glyph in muted violet #B478FF on deep arcane purple #2A1147 with an ink-black #14100C well mouth, still and quiet with no drips and no motion, dark fantasy game asset, toon shaded, thick uniform black outline, flat cel shading with only two tone steps, limited palette, strong rim light from upper left, bold readable silhouette, centered, no text, no watermark, no border frame, transparent background, painterly-graphic hybrid in the style of Hades and Cult of the Lamb","D:\GameGamma\Project_S1(fix)\Assets\GameData\Icons\Icon_tintamengalir.png"
"1","2","Segel","Arcane","Line2","Frenzy Sigil","segelamuk","Icon_segelamuk.png","placeholder","","Passive","Tiap musuh mati memberimu satu tumpukan FRENZY (maks 6).","a round wax seal stamped with a snarling symmetrical boar skull glyph, tusks curling up both sides in mirror image, flat heraldic stamp with a single toothed ring border, pale violet #B478FF glyph pressed into deep arcane purple #2A1147, a static emblem with no motion lines and no energy, dark fantasy game asset, toon shaded, thick uniform black outline, flat cel shading with only two tone steps, limited palette, strong rim light from upper left, bold readable silhouette, centered, no text, no watermark, no border frame, transparent background, painterly-graphic hybrid in the style of Hades and Cult of the Lamb","D:\GameGamma\Project_S1(fix)\Assets\GameData\Icons\Icon_segelamuk.png"
"1","2","Segel","Arcane","Line2","Pulse Sigil","segelnadi","Icon_segelnadi.png","placeholder","","Passive","2 long. +25 max mana. Passive - never fires.","a round wax seal stamped with a fat vertical droplet flanked by two mirrored branching veins, symmetrical like an anatomical heraldic charge, single carved ring border, glyph in soft violet #B478FF on deep arcane purple #2A1147, flat and still with no ripples and no motion, dark fantasy game asset, toon shaded, thick uniform black outline, flat cel shading with only two tone steps, limited palette, strong rim light from upper left, bold readable silhouette, centered, no text, no watermark, no border frame, transparent background, painterly-graphic hybrid in the style of Hades and Cult of the Lamb","D:\GameGamma\Project_S1(fix)\Assets\GameData\Icons\Icon_segelnadi.png"
"1","2","Segel","Arcane","Line2","Vitality Sigil","segelvitalitas","Icon_segelvitalitas.png","placeholder","","Passive","2 long. +30 max HP. Passive - never fires.","a round wax seal stamped with a stout bold heraldic heart, simple and thick, single carved ring border, heart in warm violet #B478FF on deep arcane purple #2A1147, a flat perfectly symmetrical stamp, calm and static with no beat lines and no motion, dark fantasy game asset, toon shaded, thick uniform black outline, flat cel shading with only two tone steps, limited palette, strong rim light from upper left, bold readable silhouette, centered, no text, no watermark, no border frame, transparent background, painterly-graphic hybrid in the style of Hades and Cult of the Lamb","D:\GameGamma\Project_S1(fix)\Assets\GameData\Icons\Icon_segelvitalitas.png"
"1","2","Segel","Arcane","Line2","Wellspring Sigil","segelsumur","Icon_segelsumur.png","placeholder","","Passive","2 long. +2.5 HP per second. Passive - never fires.","a round wax seal stamped with a front-facing stone well mouth beneath a symmetrical arch, three still concentric rings of water resting inside the well, flat heraldic stamp with a single ring border, glyph in soft violet #B478FF on deep arcane purple #2A1147, calm and static with no splashing and no motion, dark fantasy game asset, toon shaded, thick uniform black outline, flat cel shading with only two tone steps, limited palette, strong rim light from upper left, bold readable silhouette, centered, no text, no watermark, no border frame, transparent background, painterly-graphic hybrid in the style of Hades and Cult of the Lamb","D:\GameGamma\Project_S1(fix)\Assets\GameData\Icons\Icon_segelsumur.png"
"1","2","Skill","Arcane","Line2","Blink Step","blinkstep","Icon_blinkstep.png","placeholder","","?13","Melompat 7 unit menjauh dari kerumunan terpadat. Diam saja kalau tidak ada","A single boot mid-stride dissolving into three fading afterimage copies trailing behind it, small sparkle motes where the body vanished. Arcane palette: bright violet #B478FF boot with dimmer violet afterimages on deep void purple #2A1147. dark fantasy game asset, toon shaded, thick uniform black outline, flat cel shading with only two tone steps, limited palette, strong rim light from upper left, bold readable silhouette, centered, no text, no watermark, no border frame, transparent background, painterly-graphic hybrid in the style of Hades and Cult of the Lamb","D:\GameGamma\Project_S1(fix)\Assets\GameData\Icons\Icon_blinkstep.png"
"1","2","Skill","Arcane","Line2","Cleansing Light","cahayapembersih","Icon_cahayapembersih.png","placeholder","","Cleanse","Membuang SEMUA kutukan sekaligus. Diam saja kalau tidak ada yang perlu dibuang.","A soft upward beam of light dissolving three broken shackle links that flake away into ash at its edges, gentle rounded rays, no sharp points. Calm and non-aggressive. Arcane palette: pale violet-white #B478FF beam on deep void purple #2A1147, parchment #E8D9B0 core glow. dark fantasy game asset, toon shaded, thick uniform black outline, flat cel shading with only two tone steps, limited palette, strong rim light from upper left, bold readable silhouette, centered, no text, no watermark, no border frame, transparent background, painterly-graphic hybrid in the style of Hades and Cult of the Lamb","D:\GameGamma\Project_S1(fix)\Assets\GameData\Icons\Icon_cahayapembersih.png"
"1","2","Skill","Arcane","Line2","Fleetfoot","quickfoot","Icon_quickfoot.png","placeholder","","?15","Kecepatan menghindar naik drastis selama 5 detik.","A single light winged boot kicked up mid-sprint, two small feather wings at the ankle, three long horizontal speed streaks trailing behind the heel. Arcane palette: bright violet #B478FF boot on deep void purple #2A1147, gold accent #D9A441 wings. dark fantasy game asset, toon shaded, thick uniform black outline, flat cel shading with only two tone steps, limited palette, strong rim light from upper left, bold readable silhouette, centered, no text, no watermark, no border frame, transparent background, painterly-graphic hybrid in the style of Hades and Cult of the Lamb","D:\GameGamma\Project_S1(fix)\Assets\GameData\Icons\Icon_quickfoot.png"
"1","2","Skill","Arcane","Line2","Lesser Ward","wardpetty","Icon_wardpetty.png","placeholder","","?14","Perisai menyerap 38 damage selama 8 detik. Menolak dipasang ulang selama","A small round wooden buckler with a single iron rim and center stud, a thin veil of soft glow hugging its face. Modest, plain, calm, clearly the humblest shield in the set. Arcane palette: dim violet #B478FF glow on deep void purple #2A1147, ink #14100C wood grain. dark fantasy game asset, toon shaded, thick uniform black outline, flat cel shading with only two tone steps, limited palette, strong rim light from upper left, bold readable silhouette, centered, no text, no watermark, no border frame, transparent background, painterly-graphic hybrid in the style of Hades and Cult of the Lamb","D:\GameGamma\Project_S1(fix)\Assets\GameData\Icons\Icon_wardpetty.png"
"1","2","Skill","Arcane","Line2","Plague Brand","plaguebrand","Icon_plaguebrand.png","placeholder","","AreaAtTarget","'Nyaris tidak melukai. Ia MENANDAI: POISON 3 poin ke gerombolan lebar. Nilainya","A glowing branding-iron mark burned into flat dark flesh, the mark an abstract three-pronged claw glyph, thick drips of luminous venom running down from its lower edge. Arcane palette: bright violet #B478FF glyph and drips on deep void purple #2A1147. dark fantasy game asset, toon shaded, thick uniform black outline, flat cel shading with only two tone steps, limited palette, strong rim light from upper left, bold readable silhouette, centered, no text, no watermark, no border frame, transparent background, painterly-graphic hybrid in the style of Hades and Cult of the Lamb","D:\GameGamma\Project_S1(fix)\Assets\GameData\Icons\Icon_plaguebrand.png"
"1","2","Skill","Arcane","Line2","Rift Chain","riftchain","Icon_riftchain.png","placeholder","","Chain","Tears from enemy to enemy. Applies BLEED.","Three jagged tears in space linked by a zigzag arc of energy jumping between them, each tear a torn slit leaking light, the arc thickest at the first tear. Arcane palette: bright violet #B478FF arc and slit-glow on deep void purple #2A1147, ink #14100C tear interiors. dark fantasy game asset, toon shaded, thick uniform black outline, flat cel shading with only two tone steps, limited palette, strong rim light from upper left, bold readable silhouette, centered, no text, no watermark, no border frame, transparent background, painterly-graphic hybrid in the style of Hades and Cult of the Lamb","D:\GameGamma\Project_S1(fix)\Assets\GameData\Icons\Icon_riftchain.png"
"1","2","Skill","Arcane","Line2","Whirling Blade","belatiberputar","Icon_belatiberputar.png","placeholder","","Radial","""Melempar lima belati ke segala arah sekaligus. Tidak membidik \u2014 dia","Five slender curved daggers arranged in a perfect pinwheel, points facing outward in all directions, thin motion arcs suggesting spin, a single drop of dark blood flying off one blade tip. Arcane palette: bright violet #B478FF blades on deep void purple #2A1147, ink #14100C blood drop. dark fantasy game asset, toon shaded, thick uniform black outline, flat cel shading with only two tone steps, limited palette, strong rim light from upper left, bold readable silhouette, centered, no text, no watermark, no border frame, transparent background, painterly-graphic hybrid in the style of Hades and Cult of the Lamb","D:\GameGamma\Project_S1(fix)\Assets\GameData\Icons\Icon_belatiberputar.png"
"1","2","Skill","Fire","Line2","Cinder Patch","cinderpatch","Icon_cinderpatch.png","placeholder","","Zone","Leaves smouldering ground. Cheap, constant BURN.","a small ragged patch of scorched ground seen at a slight angle, cracked black crust split by glowing veins, two fat embers resting on top with thin smoke wisps, bright orange #FF6A26 ember glow over deep ember red #7A1F0B crust, dark fantasy game asset, toon shaded, thick uniform black outline, flat cel shading with only two tone steps, limited palette, strong rim light from upper left, bold readable silhouette, centered, no text, no watermark, no border frame, transparent background, painterly-graphic hybrid in the style of Hades and Cult of the Lamb","D:\GameGamma\Project_S1(fix)\Assets\GameData\Icons\Icon_cinderpatch.png"
"1","2","Skill","Fire","Line2","Ember Burst","emberburst","Icon_emberburst.png","placeholder","","Nova","Bursts into flame around you. Applies BURN.","a single ring of flame bursting outward from a bright central spark, tongues of fire pointing away from the center like a simple sunburst, a few loose embers flung past the ring edge, bright orange #FF6A26 flames over deep ember red #7A1F0B core shadow, dark fantasy game asset, toon shaded, thick uniform black outline, flat cel shading with only two tone steps, limited palette, strong rim light from upper left, bold readable silhouette, centered, no text, no watermark, no border frame, transparent background, painterly-graphic hybrid in the style of Hades and Cult of the Lamb","D:\GameGamma\Project_S1(fix)\Assets\GameData\Icons\Icon_emberburst.png"
"1","2","Skill","Fire","Line2","Fire Rain","hujanapi","Icon_hujanapi.png","placeholder","","AreaAtTarget","Rains fire onto the densest pack. Applies BURN.","three fat drops of fire falling from a low dark storm cloud, each drop a teardrop flame with a short streak line above it, the middle drop largest, bright orange #FF6A26 drops under a deep ember red #7A1F0B cloud, dark fantasy game asset, toon shaded, thick uniform black outline, flat cel shading with only two tone steps, limited palette, strong rim light from upper left, bold readable silhouette, centered, no text, no watermark, no border frame, transparent background, painterly-graphic hybrid in the style of Hades and Cult of the Lamb","D:\GameGamma\Project_S1(fix)\Assets\GameData\Icons\Icon_hujanapi.png"
"1","2","Skill","Fire","Line2","Flame Lash","flamelash","Icon_flamelash.png","placeholder","","Line","Whips a line of fire outward. Applies BURN.","a cracking whip made of pure flame, a single bold S-curve lash snapping to the upper right with a forked burning tip, sparks flying off the crack point, bright orange #FF6A26 whip over deep ember red #7A1F0B inner curve, dark fantasy game asset, toon shaded, thick uniform black outline, flat cel shading with only two tone steps, limited palette, strong rim light from upper left, bold readable silhouette, centered, no text, no watermark, no border frame, transparent background, painterly-graphic hybrid in the style of Hades and Cult of the Lamb","D:\GameGamma\Project_S1(fix)\Assets\GameData\Icons\Icon_flamelash.png"
"1","2","Skill","Ice","Line2","Hailstorm","hailstorm","Icon_hailstorm.png","placeholder","","AreaAtTarget","Falls on the densest pack. Applies CHILL.","three fat round hailstones plunging steeply downward with short straight fall-streaks above them, the lowest stone cracking against a small shattered impact chip at the bottom, milky ice #6FD6FF stones with deep teal #123A52 undersides and white streak highlights, dark fantasy game asset, toon shaded, thick uniform black outline, flat cel shading with only two tone steps, limited palette, strong rim light from upper left, bold readable silhouette, centered, no text, no watermark, no border frame, transparent background, painterly-graphic hybrid in the style of Hades and Cult of the Lamb","D:\GameGamma\Project_S1(fix)\Assets\GameData\Icons\Icon_hailstorm.png"
"1","2","Skill","Lightning","Line2","Static Field","staticfield","Icon_staticfield.png","placeholder","","Nova","Crackles around you. Heavy SHOCK, light damage.","A jagged crackling halo ring seen slightly from above, a thick circular band with short fat lightning spurs sticking outward at four points, surrounding a small dark hooded figure silhouette at its center, ring in bright golden yellow #FFD84D, figure and ground shadow in storm umber #4A3A00 and ink #14100C, dark fantasy game asset, toon shaded, thick uniform black outline, flat cel shading with only two tone steps, limited palette, strong rim light from upper left, bold readable silhouette, centered, no text, no watermark, no border frame, transparent background, painterly-graphic hybrid in the style of Hades and Cult of the Lamb","D:\GameGamma\Project_S1(fix)\Assets\GameData\Icons\Icon_staticfield.png"
"1","2","Skill","Lightning","Line2","Storm Cell","stormcell","Icon_stormcell.png","placeholder","","Zone","A crackling patch of ground. Stacks SHOCK on everything inside.","A cracked circular patch of dark ground seen at a low angle, its fissures glowing and three short fat lightning arcs standing upright out of the cracks like grass, ground disc in storm umber #4A3A00 and ink #14100C, arcs and crack glow in bright golden yellow #FFD84D, dark fantasy game asset, toon shaded, thick uniform black outline, flat cel shading with only two tone steps, limited palette, strong rim light from upper left, bold readable silhouette, centered, no text, no watermark, no border frame, transparent background, painterly-graphic hybrid in the style of Hades and Cult of the Lamb","D:\GameGamma\Project_S1(fix)\Assets\GameData\Icons\Icon_stormcell.png"
"1","3","Rune","Arcane","Line3","Chrono Rune","chronorune","Icon_chronorune.png","placeholder","","Line","'3 panjang. Tiap petak skill di atasnya: cooldown -12%.'","A long weathered stone tablet strip engraved with three interlocking hourglass glyphs in a row, sand frozen mid-fall inside each carved hourglass, a dark calm carved base tile with shallow grooves and low contrast on purpose, deep arcane stone in #2A1147 with only a faint dim glow of #B478FF seeping from the engraved lines, ink-dark shadows in #14100C, dark fantasy game asset, toon shaded, thick uniform black outline, flat cel shading with only two tone steps, limited palette, strong rim light from upper left, bold readable silhouette, centered, no text, no watermark, no border frame, transparent background, painterly-graphic hybrid in the style of Hades and Cult of the Lamb","D:\GameGamma\Project_S1(fix)\Assets\GameData\Icons\Icon_chronorune.png"
"1","3","Rune","Lightning","Line3","Spark Rune","sparkrune","Icon_sparkrune.png","placeholder","","AuraOnly","3 long base. Damage aura, tuned for lightning.","A long strip of aged darkened vellum inked with three small diamond-shaped spark glyphs chained in a row by a single thin line, tiny pinprick glints of static resting quietly in each diamond, a dark calm inked base tile with low contrast on purpose, ochre-dark vellum in #4A3A00 inked with #14100C and only faint pinpoints of #FFD84D in the glyph centers, dark fantasy game asset, toon shaded, thick uniform black outline, flat cel shading with only two tone steps, limited palette, strong rim light from upper left, bold readable silhouette, centered, no text, no watermark, no border frame, transparent background, painterly-graphic hybrid in the style of Hades and Cult of the Lamb","D:\GameGamma\Project_S1(fix)\Assets\GameData\Icons\Icon_sparkrune.png"
"1","3","Skill","Arcane","Corner","Poison Pool","kubanganracun","Icon_kubanganracun.png","placeholder","","Zone","Leaves a lingering pool. Applies POISON.","A flat wide puddle with an uneven dripping edge, three fat round bubbles rising off its surface, one bubble mid-pop, viscous and sluggish. Arcane palette: bright sickly violet #B478FF liquid on deep void purple #2A1147, ink #14100C puddle rim. dark fantasy game asset, toon shaded, thick uniform black outline, flat cel shading with only two tone steps, limited palette, strong rim light from upper left, bold readable silhouette, centered, no text, no watermark, no border frame, transparent background, painterly-graphic hybrid in the style of Hades and Cult of the Lamb","D:\GameGamma\Project_S1(fix)\Assets\GameData\Icons\Icon_kubanganracun.png"
"1","3","Skill","Arcane","Line3","Shove","shove","Icon_shove.png","placeholder","","?20","""Melontarkan semua yang menempel ke luar. Damage-nya kecil \u2014 yang kamu","A large open palm facing outward with three thick concentric shockwave arcs pushing away from it, two small tumbling silhouettes flung off the outermost arc. Arcane palette: bright violet #B478FF palm and arcs on deep void purple #2A1147. dark fantasy game asset, toon shaded, thick uniform black outline, flat cel shading with only two tone steps, limited palette, strong rim light from upper left, bold readable silhouette, centered, no text, no watermark, no border frame, transparent background, painterly-graphic hybrid in the style of Hades and Cult of the Lamb","D:\GameGamma\Project_S1(fix)\Assets\GameData\Icons\Icon_shove.png"
"1","3","Skill","Arcane","Line3","Vortex","pusaran","Icon_pusaran.png","placeholder","","AreaAtTarget","Drags enemies together. Applies DRAG - the setup for mass reactions.","A tight spiral of three thick curved wind-blades sweeping inward toward a small bright eye at center, two tiny stick-like debris fragments caught mid-drag along the spiral arms. Arcane palette: bright violet #B478FF spiral arms on deep void purple #2A1147. dark fantasy game asset, toon shaded, thick uniform black outline, flat cel shading with only two tone steps, limited palette, strong rim light from upper left, bold readable silhouette, centered, no text, no watermark, no border frame, transparent background, painterly-graphic hybrid in the style of Hades and Cult of the Lamb","D:\GameGamma\Project_S1(fix)\Assets\GameData\Icons\Icon_pusaran.png"
"1","3","Skill","Ice","Corner","Frost Nova","frostnova","Icon_frostnova.png","placeholder","","Nova","Freezing burst centred on you. Applies CHILL.","a single clean ring of outward-pointing hoarfrost spikes surrounding a small bright frozen core, the burst seen flat-on like a crown of ice viewed from above, pale ice #6FD6FF spikes over a deep teal #123A52 ring shadow, white flash at the core, dark fantasy game asset, toon shaded, thick uniform black outline, flat cel shading with only two tone steps, limited palette, strong rim light from upper left, bold readable silhouette, centered, no text, no watermark, no border frame, transparent background, painterly-graphic hybrid in the style of Hades and Cult of the Lamb","D:\GameGamma\Project_S1(fix)\Assets\GameData\Icons\Icon_frostnova.png"
"1","3","Skill","Ice","Corner","Ice Lance","icelance","Icon_icelance.png","placeholder","","Line","Skewers everything in a line. Applies CHILL.","one long thin lance of solid ice crossing the frame diagonally from lower left to upper right, needle point leading, a straight frozen wake line behind it emphasizing a piercing path, glassy pale ice #6FD6FF shaft with deep teal #123A52 core shadow and a white edge glint along the point, dark fantasy game asset, toon shaded, thick uniform black outline, flat cel shading with only two tone steps, limited palette, strong rim light from upper left, bold readable silhouette, centered, no text, no watermark, no border frame, transparent background, painterly-graphic hybrid in the style of Hades and Cult of the Lamb","D:\GameGamma\Project_S1(fix)\Assets\GameData\Icons\Icon_icelance.png"
"1","3","Skill","Lightning","Corner","Arc Bolt","arcbolt","Icon_arcbolt.png","placeholder","","Chain","Leaps from enemy to enemy. Applies SHOCK.","One thick zigzag lightning bolt leaping in an arc between two small round dark orbs, the bolt drawn as a single wide angular ribbon with only three bends, orbs in storm umber #4A3A00, bolt in bright golden yellow #FFD84D with a small spark burst where it strikes the second orb, dark fantasy game asset, toon shaded, thick uniform black outline, flat cel shading with only two tone steps, limited palette, strong rim light from upper left, bold readable silhouette, centered, no text, no watermark, no border frame, transparent background, painterly-graphic hybrid in the style of Hades and Cult of the Lamb","D:\GameGamma\Project_S1(fix)\Assets\GameData\Icons\Icon_arcbolt.png"
"1","3","Skill","Lightning","Line3","Lightning Slash","sabetanpetir","Icon_sabetanpetir.png","placeholder","","Line","Sweeps a line of enemies. Applies SHOCK.","A broad crescent sword-swipe made of solid lightning, a wide curved slash arc with a jagged sawtooth trailing edge, sweeping left to right in one confident stroke, bright golden yellow #FFD84D blade edge over a deep storm umber #4A3A00 inner arc, dark fantasy game asset, toon shaded, thick uniform black outline, flat cel shading with only two tone steps, limited palette, strong rim light from upper left, bold readable silhouette, centered, no text, no watermark, no border frame, transparent background, painterly-graphic hybrid in the style of Hades and Cult of the Lamb","D:\GameGamma\Project_S1(fix)\Assets\GameData\Icons\Icon_sabetanpetir.png"
"1","3","Skill","Lightning","Line3","Spark Shards","sparkshards","Icon_sparkshards.png","placeholder","","?12","Tiga pecahan mengambang di atas kepalamu dan MENUNGGU. Begitu ada yang mendekat,","Three fat angular crystal shards hovering in a triangle formation, each shard a chunky faceted diamond crackling with one short thick lightning arc jumping between neighbours, shards in bright golden yellow #FFD84D with storm umber #4A3A00 facet shadows, dark fantasy game asset, toon shaded, thick uniform black outline, flat cel shading with only two tone steps, limited palette, strong rim light from upper left, bold readable silhouette, centered, no text, no watermark, no border frame, transparent background, painterly-graphic hybrid in the style of Hades and Cult of the Lamb","D:\GameGamma\Project_S1(fix)\Assets\GameData\Icons\Icon_sparkshards.png"
"1","4","Rune","Fire","Square","Ember Rune","emberrune","Icon_emberrune.png","placeholder","","Line","'2x2. Tiap petak skill di atasnya: +20% damage.'","A square slab of cracked black basalt divided into four quadrants by deep scored lines, a crossed ember sigil carved at the center, dull embers smoldering low inside the cracks, a dark calm carved base tile with low contrast on purpose, charred stone in #7A1F0B with muted smolder highlights of #FF6A26 kept dim and buried in the grooves, shadows in #14100C, dark fantasy game asset, toon shaded, thick uniform black outline, flat cel shading with only two tone steps, limited palette, strong rim light from upper left, bold readable silhouette, centered, no text, no watermark, no border frame, transparent background, painterly-graphic hybrid in the style of Hades and Cult of the Lamb","D:\GameGamma\Project_S1(fix)\Assets\GameData\Icons\Icon_emberrune.png"
"1","4","Rune","Ice","Square","Frost Rune","frostrune","Icon_frostrune.png","placeholder","","AuraOnly","2x2 base. Damage aura, and ice skills on top of it hit harder still.","A square slate tile rimed with hoarfrost, a simple six-armed snowflake cross carved into its face, pale frost dust settled inside the engraved channels, a dark calm carved base tile with low contrast on purpose, deep ice slate in #123A52 with muted frost lines of #6FD6FF kept faint and cold, shadows in #14100C, dark fantasy game asset, toon shaded, thick uniform black outline, flat cel shading with only two tone steps, limited palette, strong rim light from upper left, bold readable silhouette, centered, no text, no watermark, no border frame, transparent background, painterly-graphic hybrid in the style of Hades and Cult of the Lamb","D:\GameGamma\Project_S1(fix)\Assets\GameData\Icons\Icon_frostrune.png"
"1","9","Rune","Arcane","Big3","Plain Rune","plainrune","Icon_plainrune.png","placeholder","","Line","3x3. Alas polos tanpa buff, tapi luas banget.","A broad flat stone slab chiseled with a shallow nine-square grid, a single plain empty circle scratched at the center cell, deliberately humble and unadorned, the most muted tile of the set, a dark calm carved base tile with very low contrast on purpose, dusty arcane stone in #2A1147 with only the barest trace of #B478FF in the grid grooves, shadows in #14100C, dark fantasy game asset, toon shaded, thick uniform black outline, flat cel shading with only two tone steps, limited palette, strong rim light from upper left, bold readable silhouette, centered, no text, no watermark, no border frame, transparent background, painterly-graphic hybrid in the style of Hades and Cult of the Lamb","D:\GameGamma\Project_S1(fix)\Assets\GameData\Icons\Icon_plainrune.png"
"2","2","Rune","Arcane","Line2","Whetstone Rune","runeasah","Icon_runeasah.png","placeholder","","AuraOnly","2 long base. The only base that sharpens critical hits.","A rectangular whetstone slab worn smooth by long use, a single razor-thin diagonal groove honed across its face catching one sharp gleam of light, a dark calm carved base tile with low contrast on purpose, oiled arcane stone in #2A1147 with one restrained sliver of #B478FF light along the honed edge and a thin gold fleck of #D9A441 at the corner, shadows in #14100C, dark fantasy game asset, toon shaded, thick uniform black outline, flat cel shading with only two tone steps, limited palette, strong rim light from upper left, bold readable silhouette, centered, no text, no watermark, no border frame, transparent background, painterly-graphic hybrid in the style of Hades and Cult of the Lamb","D:\GameGamma\Project_S1(fix)\Assets\GameData\Icons\Icon_runeasah.png"
"2","3","Rune","Arcane","Line3","Current Rune","runearus","Icon_runearus.png","placeholder","","Line","3 long base. Cuts cooldowns and eases mana cost.","A long stone channel strip carved with three parallel flowing wave grooves running its full length, dim liquid light rippling slowly along the channels like a quiet underground stream, a dark calm carved base tile with low contrast on purpose, deep arcane stone in #2A1147 with muted currents of #B478FF held low inside the grooves, shadows in #14100C, dark fantasy game asset, toon shaded, thick uniform black outline, flat cel shading with only two tone steps, limited palette, strong rim light from upper left, bold readable silhouette, centered, no text, no watermark, no border frame, transparent background, painterly-graphic hybrid in the style of Hades and Cult of the Lamb","D:\GameGamma\Project_S1(fix)\Assets\GameData\Icons\Icon_runearus.png"
"2","4","Rune","Arcane","Square","Bastion Rune","runebenteng","Icon_runebenteng.png","placeholder","","Line","2x2 base. +60 max HP and +4 defence.","A square stone foundation tile carved with a squat crenellated tower motif, its battlements inlaid with a thin band of hammered gold metal, heavy and immovable like a fortress cornerstone, a dark calm carved base tile with low contrast on purpose, deep arcane stone in #2A1147 with a restrained gold inlay of #D9A441 and only a faint trace of #B478FF in the mortar lines, shadows in #14100C, dark fantasy game asset, toon shaded, thick uniform black outline, flat cel shading with only two tone steps, limited palette, strong rim light from upper left, bold readable silhouette, centered, no text, no watermark, no border frame, transparent background, painterly-graphic hybrid in the style of Hades and Cult of the Lamb","D:\GameGamma\Project_S1(fix)\Assets\GameData\Icons\Icon_runebenteng.png"
"2","4","Rune","Arcane","Square","Siphon Rune","runesiphon","Icon_runesiphon.png","placeholder","","AuraOnly","2x2 base. Cuts cooldowns, feeds mana, and softens what casting costs.","A square stone drain tile carved with spiral grooves that all curl inward to a small round mouth at the center, thin wisps of pale mist being drawn down into the opening, a dark calm carved base tile with low contrast on purpose, deep arcane stone in #2A1147 with faint indrawn threads of #B478FF mist and a drain mouth of pure #14100C, dark fantasy game asset, toon shaded, thick uniform black outline, flat cel shading with only two tone steps, limited palette, strong rim light from upper left, bold readable silhouette, centered, no text, no watermark, no border frame, transparent background, painterly-graphic hybrid in the style of Hades and Cult of the Lamb","D:\GameGamma\Project_S1(fix)\Assets\GameData\Icons\Icon_runesiphon.png"
"2","4","Segel","Arcane","Square","Conduit Sigil","segelarus","Icon_segelarus.png","placeholder","","Passive","EVOLVED. +5 mana per second and -15% mana cost.","an evolved wax seal stamped with three carved channels meeting in a perfectly symmetrical triple-spiral knot, flat and embossed like a struck coin, double ring border with gold accent #D9A441 notches, channels in soft violet #B478FF on deep arcane purple #2A1147, calm and static with no flowing motion, dark fantasy game asset, toon shaded, thick uniform black outline, flat cel shading with only two tone steps, limited palette, strong rim light from upper left, bold readable silhouette, centered, no text, no watermark, no border frame, transparent background, painterly-graphic hybrid in the style of Hades and Cult of the Lamb","D:\GameGamma\Project_S1(fix)\Assets\GameData\Icons\Icon_segelarus.png"
"2","4","Segel","Arcane","Ell","Grand Sigil","segelagung","Icon_segelagung.png","placeholder","","Passive","EVOLVED. +55 max HP and +3 defence.","a massive ornate wax seal medallion stamped with a crowned heater shield, perfectly symmetrical heraldic emblem, flat and static like a royal charter stamp, double outer ring with gold filigree notches, glyph in glowing violet #B478FF on deep arcane purple #2A1147 with gold accent #D9A441, calm and authoritative, no motion and no sparks, dark fantasy game asset, toon shaded, thick uniform black outline, flat cel shading with only two tone steps, limited palette, strong rim light from upper left, bold readable silhouette, centered, no text, no watermark, no border frame, transparent background, painterly-graphic hybrid in the style of Hades and Cult of the Lamb","D:\GameGamma\Project_S1(fix)\Assets\GameData\Icons\Icon_segelagung.png"
"2","4","Segel","Arcane","SBend","Power Sigil","segeldaya","Icon_segeldaya.png","placeholder","","Passive","EVOLVED. Tiap musuh mati memberimu satu tumpukan POWER (maks 5).","an evolved heraldic seal stamped with a clenched armored gauntlet facing straight forward, perfectly symmetrical fist glyph, flat embossed stamp with a double ring and gold accent #D9A441 studs, glyph in bright violet #B478FF on deep arcane purple #2A1147, heavy and static with no impact lines and no motion, dark fantasy game asset, toon shaded, thick uniform black outline, flat cel shading with only two tone steps, limited palette, strong rim light from upper left, bold readable silhouette, centered, no text, no watermark, no border frame, transparent background, painterly-graphic hybrid in the style of Hades and Cult of the Lamb","D:\GameGamma\Project_S1(fix)\Assets\GameData\Icons\Icon_segeldaya.png"
"2","4","Segel","Arcane","Ell","Purifier Sigil","segelpemurni","Icon_segelpemurni.png","placeholder","","Passive","EVOLVED. Kutukan berakhir 40% lebih cepat, dan kamu pulih perlahan.","an evolved wax seal stamped with a symmetrical three-petal lotus rising from a shallow bowl, flat embossed emblem, double ring border with gold accent #D9A441 filigree, lotus in pale violet #B478FF on deep arcane purple #2A1147, serene and static with no light rays and no motion, dark fantasy game asset, toon shaded, thick uniform black outline, flat cel shading with only two tone steps, limited palette, strong rim light from upper left, bold readable silhouette, centered, no text, no watermark, no border frame, transparent background, painterly-graphic hybrid in the style of Hades and Cult of the Lamb","D:\GameGamma\Project_S1(fix)\Assets\GameData\Icons\Icon_segelpemurni.png"
"2","4","Segel","Arcane","Square","Razor Sigil","segeltajam","Icon_segeltajam.png","placeholder","","Passive","EVOLVED. +15% critical chance and +45% critical damage.","an evolved heraldic seal stamped with two mirrored dagger blades crossed point-down behind a small central diamond, flat embossed crest, double ring border with gold accent #D9A441 points, blades in bright violet #B478FF on deep arcane purple #2A1147, rigid and static with no slash marks and no motion, dark fantasy game asset, toon shaded, thick uniform black outline, flat cel shading with only two tone steps, limited palette, strong rim light from upper left, bold readable silhouette, centered, no text, no watermark, no border frame, transparent background, painterly-graphic hybrid in the style of Hades and Cult of the Lamb","D:\GameGamma\Project_S1(fix)\Assets\GameData\Icons\Icon_segeltajam.png"
"2","4","Skill","Arcane","Square","Aegis","wardaegis","Icon_wardaegis.png","placeholder","","?14","Perisai menyerap 95 damage selama 9 detik.","A tall kite shield of translucent glowing energy with a bold diamond boss at its center, calm and steady, a thin hexagonal facet pattern faintly visible across its face. Symmetric and non-aggressive. Arcane palette: bright violet #B478FF shield on deep void purple #2A1147, gold accent #D9A441 boss. dark fantasy game asset, toon shaded, thick uniform black outline, flat cel shading with only two tone steps, limited palette, strong rim light from upper left, bold readable silhouette, centered, no text, no watermark, no border frame, transparent background, painterly-graphic hybrid in the style of Hades and Cult of the Lamb","D:\GameGamma\Project_S1(fix)\Assets\GameData\Icons\Icon_wardaegis.png"
"2","4","Skill","Arcane","Square","Cleansing Dawn","fajarpembersih","Icon_fajarpembersih.png","placeholder","","Cleanse","EVOLVED. Membuang semua kutukan dan menyembuhkan sekalian.","A rising half-sun cresting a low horizon line, wide rounded rays fanning upward, broken chain links falling away below the horizon while a small heart-shaped droplet floats above the sun. Calm, warm, symmetric. Arcane palette: parchment gold #E8D9B0 sun with gold accent #D9A441 rays on deep void purple #2A1147, violet #B478FF chain fragments. dark fantasy game asset, toon shaded, thick uniform black outline, flat cel shading with only two tone steps, limited palette, strong rim light from upper left, bold readable silhouette, centered, no text, no watermark, no border frame, transparent background, painterly-graphic hybrid in the style of Hades and Cult of the Lamb","D:\GameGamma\Project_S1(fix)\Assets\GameData\Icons\Icon_fajarpembersih.png"
"2","4","Skill","Arcane","Tee","Gravity Well","gravitywell","Icon_gravitywell.png","placeholder","","AreaAtTarget","EVOLVED. Hauls the pack together. The setup every reaction wants.","A dense heavy orb at center bending three concentric rings inward like a stretched net sagging under weight, four small debris pebbles being pulled along the rings toward the orb. Arcane palette: bright violet #B478FF rings on deep void purple #2A1147, ink #14100C orb core. dark fantasy game asset, toon shaded, thick uniform black outline, flat cel shading with only two tone steps, limited palette, strong rim light from upper left, bold readable silhouette, centered, no text, no watermark, no border frame, transparent background, painterly-graphic hybrid in the style of Hades and Cult of the Lamb","D:\GameGamma\Project_S1(fix)\Assets\GameData\Icons\Icon_gravitywell.png"
"2","4","Skill","Arcane","SBend","Greater Heal","greaterheal","Icon_greaterheal.png","placeholder","","Heal","EVOLVED. A real heal, but you wait a long time for it.","A wide ornate chalice overflowing with glowing liquid light, two soft droplets rising upward from the brim like slow inverted rain. Calm, rounded, symmetric, non-aggressive. Arcane palette: parchment #E8D9B0 light in a gold accent #D9A441 chalice on deep void purple #2A1147. dark fantasy game asset, toon shaded, thick uniform black outline, flat cel shading with only two tone steps, limited palette, strong rim light from upper left, bold readable silhouette, centered, no text, no watermark, no border frame, transparent background, painterly-graphic hybrid in the style of Hades and Cult of the Lamb","D:\GameGamma\Project_S1(fix)\Assets\GameData\Icons\Icon_greaterheal.png"
"2","4","Skill","Arcane","Ell","Mana Well","manawell","Icon_manawell.png","placeholder","","?16","Mengisi mana sampai PENUH. Gratis, tapi menunggu sampai manamu tinggal di","A small round stone well with a wooden crossbeam, a column of glowing star-flecked liquid rising gently out of its mouth like slow reverse rain. Calm, rounded, non-aggressive. Arcane palette: bright violet #B478FF liquid and star motes on deep void purple #2A1147 stone, gold accent #D9A441 crossbeam. dark fantasy game asset, toon shaded, thick uniform black outline, flat cel shading with only two tone steps, limited palette, strong rim light from upper left, bold readable silhouette, centered, no text, no watermark, no border frame, transparent background, painterly-graphic hybrid in the style of Hades and Cult of the Lamb","D:\GameGamma\Project_S1(fix)\Assets\GameData\Icons\Icon_manawell.png"
"2","4","Skill","Arcane","Tee","Quickcast","quickcastsigil","Icon_quickcastsigil.png","placeholder","","?15","SEMUA skill di buku menembak 30% lebih sering selama 6 detik. Nilainya ikut","Three bold chevron arrows stacked in a fast-forward formation, each one brighter and larger than the last, thin speed streaks trailing off the leading chevron, framed inside a faint circular sigil ring. Arcane palette: bright violet #B478FF chevrons with gold accent #D9A441 leading edge on deep void purple #2A1147. dark fantasy game asset, toon shaded, thick uniform black outline, flat cel shading with only two tone steps, limited palette, strong rim light from upper left, bold readable silhouette, centered, no text, no watermark, no border frame, transparent background, painterly-graphic hybrid in the style of Hades and Cult of the Lamb","D:\GameGamma\Project_S1(fix)\Assets\GameData\Icons\Icon_quickcastsigil.png"
"2","4","Skill","Arcane","Tee","Sunder","sunder","Icon_sunder.png","placeholder","","?11","EVOLVED. Meledakkan SETIAP musuh ber-POISON sebesar poin yang menumpuk padanya,","A huge glowing venom droplet fractured by a single deep crack, caught the instant it detonates: sharp splinters and smaller droplets blasting outward in a clean radial burst. Arcane palette: bright sickly violet #B478FF droplet and burst on deep void purple #2A1147, ink #14100C crack. dark fantasy game asset, toon shaded, thick uniform black outline, flat cel shading with only two tone steps, limited palette, strong rim light from upper left, bold readable silhouette, centered, no text, no watermark, no border frame, transparent background, painterly-graphic hybrid in the style of Hades and Cult of the Lamb","D:\GameGamma\Project_S1(fix)\Assets\GameData\Icons\Icon_sunder.png"
"2","4","Skill","Arcane","Square","Void Lance","voidlance","Icon_voidlance.png","placeholder","","Line","EVOLVED. Opens a seam across the field. Applies BLEED.","A long needle-thin lance of solid darkness piercing horizontally across the frame, the space along its length split open into a glowing seam that peels apart like torn cloth. Arcane palette: ink #14100C lance with bright violet #B478FF seam glow on deep void purple #2A1147. dark fantasy game asset, toon shaded, thick uniform black outline, flat cel shading with only two tone steps, limited palette, strong rim light from upper left, bold readable silhouette, centered, no text, no watermark, no border frame, transparent background, painterly-graphic hybrid in the style of Hades and Cult of the Lamb","D:\GameGamma\Project_S1(fix)\Assets\GameData\Icons\Icon_voidlance.png"
"2","4","Skill","Fire","SBend","Ashfall","ashfall","Icon_ashfall.png","placeholder","","Zone","EVOLVED. Burning ash that settles and keeps burning.","a low smouldering heap of grey ash with glowing cracks snaking through it, three large ash flakes drifting down from above still edged in fire, faint heat shimmer rising, bright orange #FF6A26 cracks and flake edges over deep ember red #7A1F0B ash body, dark fantasy game asset, toon shaded, thick uniform black outline, flat cel shading with only two tone steps, limited palette, strong rim light from upper left, bold readable silhouette, centered, no text, no watermark, no border frame, transparent background, painterly-graphic hybrid in the style of Hades and Cult of the Lamb","D:\GameGamma\Project_S1(fix)\Assets\GameData\Icons\Icon_ashfall.png"
"2","4","Skill","Fire","Square","Greater Fireball","greaterfireball","Icon_greaterfireball.png","placeholder","","Projectile","EVOLVED. Far heavier than the bolt it came from, and no slower. Fills a","a huge dense sphere of fire hurtling diagonally, molten cracked core like a clenched fist of burning coals, double layered flame tail twice the length of the head, embers streaming off both tail edges, bright orange #FF6A26 flame over deep ember red #7A1F0B cracked core, dark fantasy game asset, toon shaded, thick uniform black outline, flat cel shading with only two tone steps, limited palette, strong rim light from upper left, bold readable silhouette, centered, no text, no watermark, no border frame, transparent background, painterly-graphic hybrid in the style of Hades and Cult of the Lamb","D:\GameGamma\Project_S1(fix)\Assets\GameData\Icons\Icon_greaterfireball.png"
"2","4","Skill","Fire","Tee","Inferno Wave","infernowave","Icon_infernowave.png","placeholder","","Line","EVOLVED. A wall of fire, wide enough to catch a crowd.","a wide advancing wall of fire seen from the front, a solid curtain of tall flame tongues stretching edge to edge, the base a straight burning line on scorched ground, bright orange #FF6A26 flame wall over deep ember red #7A1F0B base and ground, dark fantasy game asset, toon shaded, thick uniform black outline, flat cel shading with only two tone steps, limited palette, strong rim light from upper left, bold readable silhouette, centered, no text, no watermark, no border frame, transparent background, painterly-graphic hybrid in the style of Hades and Cult of the Lamb","D:\GameGamma\Project_S1(fix)\Assets\GameData\Icons\Icon_infernowave.png"
"2","4","Skill","Fire","Ell","Rolling Ember","emberroll","Icon_emberroll.png","placeholder","","?18","Bola bara yang MENGGELINDING menembus gerombolan dan melindas semua yang","a massive round boulder of packed burning coals rolling to the right, curved motion lines behind it and a flattened trail of crushed embers under its path, cracks of fire between the coal chunks, bright orange #FF6A26 fire seams over deep ember red #7A1F0B coal mass, dark fantasy game asset, toon shaded, thick uniform black outline, flat cel shading with only two tone steps, limited palette, strong rim light from upper left, bold readable silhouette, centered, no text, no watermark, no border frame, transparent background, painterly-graphic hybrid in the style of Hades and Cult of the Lamb","D:\GameGamma\Project_S1(fix)\Assets\GameData\Icons\Icon_emberroll.png"
"2","4","Skill","Fire","Square","Steam Burst","steamburst","Icon_steamburst.png","placeholder","","Nova","EVOLVED. Scalding burst - fire and ice meeting at once. Fills a 2x2 base.","a violent burst split down the middle where fire meets ice, left half jagged orange flame tongues, right half billowing pale steam clouds, a bright scalding star at the seam where they collide, bright orange #FF6A26 flame side and pale ice blue #6FD6FF steam side over deep ember red #7A1F0B core shadow, dark fantasy game asset, toon shaded, thick uniform black outline, flat cel shading with only two tone steps, limited palette, strong rim light from upper left, bold readable silhouette, centered, no text, no watermark, no border frame, transparent background, painterly-graphic hybrid in the style of Hades and Cult of the Lamb","D:\GameGamma\Project_S1(fix)\Assets\GameData\Icons\Icon_steamburst.png"
"2","4","Skill","Fire","SBend","Sun Lance","sunlance","Icon_sunlance.png","placeholder","","?17","Menandai tanah, lalu menghantam 0.9 detik kemudian. Yang sempat menyingkir,","a slender spear of concentrated sunlight stabbing straight down into a small marked circle on the ground, the target ring glowing in warning before impact, a small flare where the lance tip meets the mark, radiant gold #D9A441 lance with bright orange #FF6A26 flare over deep ember red #7A1F0B target ring, dark fantasy game asset, toon shaded, thick uniform black outline, flat cel shading with only two tone steps, limited palette, strong rim light from upper left, bold readable silhouette, centered, no text, no watermark, no border frame, transparent background, painterly-graphic hybrid in the style of Hades and Cult of the Lamb","D:\GameGamma\Project_S1(fix)\Assets\GameData\Icons\Icon_sunlance.png"
"2","4","Skill","Ice","SBend","Blizzard","blizzard","Icon_blizzard.png","placeholder","","Nova","EVOLVED. Wide freezing blast centred on you. Applies CHILL.","a wide expanding ring of jagged frost bursting outward from a bright center point, the ring broken by two curling gusts of wind sweeping around its rim, ragged snow spray flying off the outer edge, pale ice #6FD6FF ring and gusts over deep teal #123A52 shadow, white flash at the epicentre, dark fantasy game asset, toon shaded, thick uniform black outline, flat cel shading with only two tone steps, limited palette, strong rim light from upper left, bold readable silhouette, centered, no text, no watermark, no border frame, transparent background, painterly-graphic hybrid in the style of Hades and Cult of the Lamb","D:\GameGamma\Project_S1(fix)\Assets\GameData\Icons\Icon_blizzard.png"
"2","4","Skill","Ice","Ell","Frostbite Field","frostbitefield","Icon_frostbitefield.png","placeholder","","Zone","EVOLVED. Freezes the ground itself. Everything inside crawls.","a tilted diamond-shaped slab of ground sheeted over in ice, deep frozen cracks spidering outward from its center, three short crystal spikes jutting up from the far edge, glassy pale ice #6FD6FF surface with deep teal #123A52 crack lines and one white sheen streak, dark fantasy game asset, toon shaded, thick uniform black outline, flat cel shading with only two tone steps, limited palette, strong rim light from upper left, bold readable silhouette, centered, no text, no watermark, no border frame, transparent background, painterly-graphic hybrid in the style of Hades and Cult of the Lamb","D:\GameGamma\Project_S1(fix)\Assets\GameData\Icons\Icon_frostbitefield.png"
"2","4","Skill","Ice","Square","Glacial Spike","glacialspike","Icon_glacialspike.png","placeholder","","Projectile","EVOLVED. Single target, and it hits like nothing else its size.","one massive heavy spear of ancient glacier ice pointing diagonally upward, thick faceted body tapering to a brutal single point, small frost chips breaking off its base from sheer momentum, dense pale ice #6FD6FF facets over deep teal #123A52 core shadow, white highlight along the killing edge, dark fantasy game asset, toon shaded, thick uniform black outline, flat cel shading with only two tone steps, limited palette, strong rim light from upper left, bold readable silhouette, centered, no text, no watermark, no border frame, transparent background, painterly-graphic hybrid in the style of Hades and Cult of the Lamb","D:\GameGamma\Project_S1(fix)\Assets\GameData\Icons\Icon_glacialspike.png"
"2","4","Skill","Ice","Square","Snowstorm","badaisalju","Icon_badaisalju.png","placeholder","","Zone","EVOLVED. A freezing storm that stays on the ground. Applies CHILL.","a squat spinning snow vortex hugging the ground, a low wide cone of swirling wind curls anchored to a frozen oval patch of earth, two heavy spiral bands wrapping the funnel, pale ice #6FD6FF snow bands over a deep teal #123A52 storm body with white fleck highlights, dark fantasy game asset, toon shaded, thick uniform black outline, flat cel shading with only two tone steps, limited palette, strong rim light from upper left, bold readable silhouette, centered, no text, no watermark, no border frame, transparent background, painterly-graphic hybrid in the style of Hades and Cult of the Lamb","D:\GameGamma\Project_S1(fix)\Assets\GameData\Icons\Icon_badaisalju.png"
"2","4","Skill","Lightning","Square","Chain Lightning","chainlightning","Icon_chainlightning.png","placeholder","","Chain","EVOLVED. Leaps five times. Reaches far past its own range.","One long thick lightning bolt striking down and ricocheting through three small dark orbs in a rising zigzag path, each bend of the bolt wide and angular like folded metal, orbs in storm umber #4A3A00, bolt in bright golden yellow #FFD84D growing a small flare at every strike point, dark fantasy game asset, toon shaded, thick uniform black outline, flat cel shading with only two tone steps, limited palette, strong rim light from upper left, bold readable silhouette, centered, no text, no watermark, no border frame, transparent background, painterly-graphic hybrid in the style of Hades and Cult of the Lamb","D:\GameGamma\Project_S1(fix)\Assets\GameData\Icons\Icon_chainlightning.png"
"2","4","Skill","Lightning","Ell","Thunderclap","thunderclap","Icon_thunderclap.png","placeholder","","Nova","EVOLVED. A blast centred on you, wide enough to clear a ring.","A central starburst flash with two thick concentric jagged shockwave rings blasting outward around it, the rings drawn as wide sawtooth circles like a cymbal crash frozen mid-boom, flash and inner ring in bright golden yellow #FFD84D, outer ring fading to storm umber #4A3A00, dark fantasy game asset, toon shaded, thick uniform black outline, flat cel shading with only two tone steps, limited palette, strong rim light from upper left, bold readable silhouette, centered, no text, no watermark, no border frame, transparent background, painterly-graphic hybrid in the style of Hades and Cult of the Lamb","D:\GameGamma\Project_S1(fix)\Assets\GameData\Icons\Icon_thunderclap.png"
"3","5","Skill","Arcane","Wedge","Null Sphere","nullsphere","Icon_nullsphere.png","placeholder","","Nova","EVOLVED. Unmakes whatever stands too close. Applies BLEED.","A perfect matte black sphere with a thin bright ring of unraveling reality around its equator, jagged shards of the surrounding space peeling off and being erased at its edge. Arcane palette: ink #14100C sphere with bright violet #B478FF erasure ring on deep void purple #2A1147. dark fantasy game asset, toon shaded, thick uniform black outline, flat cel shading with only two tone steps, limited palette, strong rim light from upper left, bold readable silhouette, centered, no text, no watermark, no border frame, transparent background, painterly-graphic hybrid in the style of Hades and Cult of the Lamb","D:\GameGamma\Project_S1(fix)\Assets\GameData\Icons\Icon_nullsphere.png"
"3","5","Skill","Arcane","Cross","Plague Bloom","plaguebloom","Icon_plaguebloom.png","placeholder","","Zone","EVOLVED. A spreading bloom of rot. The heaviest POISON there is.","A huge rotting flower in full bloom, five wilting petals curling outward with torn edges, a cloud of round spore puffs drifting up from its dark center. Arcane palette: bright sickly violet #B478FF petals on deep void purple #2A1147, ink #14100C flower heart. dark fantasy game asset, toon shaded, thick uniform black outline, flat cel shading with only two tone steps, limited palette, strong rim light from upper left, bold readable silhouette, centered, no text, no watermark, no border frame, transparent background, painterly-graphic hybrid in the style of Hades and Cult of the Lamb","D:\GameGamma\Project_S1(fix)\Assets\GameData\Icons\Icon_plaguebloom.png"
"3","5","Skill","Arcane","Cup","Rupture","rupture","Icon_rupture.png","placeholder","","?11","EVOLVED. Semua luka terbuka pecah sekaligus.","A dark rounded orb splitting apart along deep jagged fault lines, bright light and fat droplets bursting outward through every crack simultaneously, a violent radial explosion frozen mid-blast. Arcane palette: ink #14100C orb with bright violet #B478FF burst on deep void purple #2A1147. dark fantasy game asset, toon shaded, thick uniform black outline, flat cel shading with only two tone steps, limited palette, strong rim light from upper left, bold readable silhouette, centered, no text, no watermark, no border frame, transparent background, painterly-graphic hybrid in the style of Hades and Cult of the Lamb","D:\GameGamma\Project_S1(fix)\Assets\GameData\Icons\Icon_rupture.png"
"3","5","Skill","Arcane","Cup","Void Step","voidstep","Icon_voidstep.png","placeholder","","?13","'Melompat 11 unit menjauh dan meninggalkan bayangan: +40% damage dan lari","A hooded figure stepping forward out of a vertical torn slit in space, while its pitch-black shadow twin remains standing inside the tear behind it, eyes glowing. Arcane palette: bright violet #B478FF figure and tear-glow on deep void purple #2A1147, ink #14100C shadow twin. dark fantasy game asset, toon shaded, thick uniform black outline, flat cel shading with only two tone steps, limited palette, strong rim light from upper left, bold readable silhouette, centered, no text, no watermark, no border frame, transparent background, painterly-graphic hybrid in the style of Hades and Cult of the Lamb","D:\GameGamma\Project_S1(fix)\Assets\GameData\Icons\Icon_voidstep.png"
"3","5","Skill","Fire","Wedge","Firestorm Core","firestormcore","Icon_firestormcore.png","placeholder","","AreaAtTarget","EVOLVED. Drops a burning core into the thick of them.","a cracked molten orb dropping from above into the center of a swirling vortex of flame, the core a heavy sphere with fissures of white-hot light, spiral fire arms wrapping around its fall, bright orange #FF6A26 vortex over deep ember red #7A1F0B core shell with a gold #D9A441 hot center, dark fantasy game asset, toon shaded, thick uniform black outline, flat cel shading with only two tone steps, limited palette, strong rim light from upper left, bold readable silhouette, centered, no text, no watermark, no border frame, transparent background, painterly-graphic hybrid in the style of Hades and Cult of the Lamb","D:\GameGamma\Project_S1(fix)\Assets\GameData\Icons\Icon_firestormcore.png"
"3","5","Skill","Fire","Wedge","Frenzy Release","lepasamuk","Icon_lepasamuk.png","placeholder","","AreaAtTarget","'EVOLVED. MENGHABISKAN semua tumpukan FRENZY: +55% damage per tumpukan.","a heavy iron shackle snapping apart mid-air, both broken halves flung outward as a pent-up fan of flame erupts from between them, chain links scattering in the blast, bright orange #FF6A26 eruption over deep ember red #7A1F0B iron shackle with gold #D9A441 blast heart, dark fantasy game asset, toon shaded, thick uniform black outline, flat cel shading with only two tone steps, limited palette, strong rim light from upper left, bold readable silhouette, centered, no text, no watermark, no border frame, transparent background, painterly-graphic hybrid in the style of Hades and Cult of the Lamb","D:\GameGamma\Project_S1(fix)\Assets\GameData\Icons\Icon_lepasamuk.png"
"3","5","Skill","Fire","Cross","Meteor","meteor","Icon_meteor.png","placeholder","","AreaAtTarget","EVOLVED. Falls out of the sky onto the densest pack. Applies BURN.","a jagged burning boulder plunging steeply from the upper right, long flame trail streaking behind it, small shockwave ring already forming on the ground beneath its shadow, bright orange #FF6A26 trail over deep ember red #7A1F0B rock with gold #D9A441 leading edge, dark fantasy game asset, toon shaded, thick uniform black outline, flat cel shading with only two tone steps, limited palette, strong rim light from upper left, bold readable silhouette, centered, no text, no watermark, no border frame, transparent background, painterly-graphic hybrid in the style of Hades and Cult of the Lamb","D:\GameGamma\Project_S1(fix)\Assets\GameData\Icons\Icon_meteor.png"
"3","5","Skill","Fire","Wedge","Sun Strike","sunstrike","Icon_sunstrike.png","placeholder","","?17","Pilar matahari. Lingkarannya lebih lebar dan aba-abanya lebih pendek.","a broad blazing pillar of sunfire slamming down from a small sun disc onto a wide glowing ring on the ground, flame licking outward where the column meets the circle, radiant gold #D9A441 pillar and sun over bright orange #FF6A26 impact flames and deep ember red #7A1F0B ground ring, dark fantasy game asset, toon shaded, thick uniform black outline, flat cel shading with only two tone steps, limited palette, strong rim light from upper left, bold readable silhouette, centered, no text, no watermark, no border frame, transparent background, painterly-graphic hybrid in the style of Hades and Cult of the Lamb","D:\GameGamma\Project_S1(fix)\Assets\GameData\Icons\Icon_sunstrike.png"
"3","5","Skill","Ice","Cup","Frost Prism","prismabeku","Icon_prismabeku.png","placeholder","","Chain","EVOLVED. Shattering ice, chaining through five enemies. Applies CHILL.","a floating faceted ice prism, a sharp geometric hexagonal crystal hovering at center, refracting one bright beam that kinks in a zigzag chain through three smaller crystal shards arranged around it, glassy pale ice #6FD6FF crystal faces over deep teal #123A52 depths, white beam and facet glints, dark fantasy game asset, toon shaded, thick uniform black outline, flat cel shading with only two tone steps, limited palette, strong rim light from upper left, bold readable silhouette, centered, no text, no watermark, no border frame, transparent background, painterly-graphic hybrid in the style of Hades and Cult of the Lamb","D:\GameGamma\Project_S1(fix)\Assets\GameData\Icons\Icon_prismabeku.png"
"3","5","Skill","Ice","Cross","Rime Nova","rimenova","Icon_rimenova.png","placeholder","","Nova","EVOLVED. Everything within seven metres freezes solid.","a double concentric burst of thick hoarfrost, an inner crown of stout ice spikes and an outer broken ring of feathery frost-fern crystals expanding beyond it, the whole nova radiating from a solid frozen heart, heavy pale ice #6FD6FF crystal growth over deep teal #123A52 ring shadow, white bloom at the heart, dark fantasy game asset, toon shaded, thick uniform black outline, flat cel shading with only two tone steps, limited palette, strong rim light from upper left, bold readable silhouette, centered, no text, no watermark, no border frame, transparent background, painterly-graphic hybrid in the style of Hades and Cult of the Lamb","D:\GameGamma\Project_S1(fix)\Assets\GameData\Icons\Icon_rimenova.png"
"3","5","Skill","Lightning","Cross","Ion Storm","ionstorm","Icon_ionstorm.png","placeholder","","Zone","EVOLVED. Petak bermuatan yang berjalan pelan sendiri, terus menembak lama","A squat anvil-shaped thundercloud hovering low over a glowing ground disc, the cloud dense and heavy like a rolling boulder, firing two thick vertical lightning columns down into the disc, cloud in storm umber #4A3A00 and ink #14100C, bolts and disc glow in bright golden yellow #FFD84D, dark fantasy game asset, toon shaded, thick uniform black outline, flat cel shading with only two tone steps, limited palette, strong rim light from upper left, bold readable silhouette, centered, no text, no watermark, no border frame, transparent background, painterly-graphic hybrid in the style of Hades and Cult of the Lamb","D:\GameGamma\Project_S1(fix)\Assets\GameData\Icons\Icon_ionstorm.png"
"3","5","Skill","Lightning","Cup","Tempest","tempest","Icon_tempest.png","placeholder","","AreaAtTarget","EVOLVED. Calls the storm down onto the densest pack.","A dark boiling storm cloud slamming one massive pillar-wide lightning bolt straight down onto a small target circle on the ground, the bolt a single thick vertical column with one hard kink, cloud in storm umber #4A3A00 and ink #14100C, pillar bolt and target ring in bright golden yellow #FFD84D, dark fantasy game asset, toon shaded, thick uniform black outline, flat cel shading with only two tone steps, limited palette, strong rim light from upper left, bold readable silhouette, centered, no text, no watermark, no border frame, transparent background, painterly-graphic hybrid in the style of Hades and Cult of the Lamb","D:\GameGamma\Project_S1(fix)\Assets\GameData\Icons\Icon_tempest.png"
"3","5","Skill","Lightning","Cross","Whirlwind","whirlwind","Icon_whirlwind.png","placeholder","","?19","Pusaran berjalan yang menyeret musuh ke tengahnya dan MENGANGKAT yang sampai","A chunky spiral cyclone built from three stacked curved wind bands widening upward like a soft-serve twist, a small dark ragged figure silhouette lifted helplessly above its open mouth, wind bands in storm umber #4A3A00 with bright golden yellow #FFD84D lightning edges tracing each band, dark fantasy game asset, toon shaded, thick uniform black outline, flat cel shading with only two tone steps, limited palette, strong rim light from upper left, bold readable silhouette, centered, no text, no watermark, no border frame, transparent background, painterly-graphic hybrid in the style of Hades and Cult of the Lamb","D:\GameGamma\Project_S1(fix)\Assets\GameData\Icons\Icon_whirlwind.png"
"3","7","Skill","Lightning","Zed","Storm Shards","stormshards","Icon_stormshards.png","placeholder","","?12","Lima pecahan mengambang dan menunggu, dan menjemput dari lebih jauh.","Five fat faceted crystal shards arranged in a floating fan arc like a peacock spread, the centre shard largest and tilted forward as if about to launch, thick lightning arcs bridging the gaps between shards, shards in bright golden yellow #FFD84D with storm umber #4A3A00 facet shadows and an ink #14100C core glowing beneath them, dark fantasy game asset, toon shaded, thick uniform black outline, flat cel shading with only two tone steps, limited palette, strong rim light from upper left, bold readable silhouette, centered, no text, no watermark, no border frame, transparent background, painterly-graphic hybrid in the style of Hades and Cult of the Lamb","D:\GameGamma\Project_S1(fix)\Assets\GameData\Icons\Icon_stormshards.png"
"3","9","Rune","Arcane","Big3","Nadir Rune","runenadir","Icon_runenadir.png","placeholder","","AuraOnly","3x3 base. Enormous area aura, spread across nine cells.","A nine-cell obsidian slab carved with concentric rings that step down like an inverted ziggurat into a small black pit at the center, a faint violet light glowing from the very bottom of the depth, vast and silent, a dark calm carved base tile with low contrast on purpose, void-dark obsidian in #2A1147 with the pit falling to pure #14100C and one faint ember of #B478FF at its lowest point, dark fantasy game asset, toon shaded, thick uniform black outline, flat cel shading with only two tone steps, limited palette, strong rim light from upper left, bold readable silhouette, centered, no text, no watermark, no border frame, transparent background, painterly-graphic hybrid in the style of Hades and Cult of the Lamb","D:\GameGamma\Project_S1(fix)\Assets\GameData\Icons\Icon_runenadir.png"
"3","9","Rune","Lightning","Big3","Storm Rune","runebadai","Icon_runebadai.png","placeholder","","Line","3x3 base. Huge damage aura, spread across nine cells.","A wide nine-cell stone slab split by a single carved lightning fork that branches from the center out toward all four corners, static charge glowing dimly deep inside the fissures, weighty and ominous but still a quiet floor tile, a dark calm carved base tile with low contrast on purpose, storm-dark stone in #4A3A00 with muted charge light of #FFD84D buried in the carved fork, shadows in #14100C, dark fantasy game asset, toon shaded, thick uniform black outline, flat cel shading with only two tone steps, limited palette, strong rim light from upper left, bold readable silhouette, centered, no text, no watermark, no border frame, transparent background, painterly-graphic hybrid in the style of Hades and Cult of the Lamb","D:\GameGamma\Project_S1(fix)\Assets\GameData\Icons\Icon_runebadai.png"
"4","6","Skill","Arcane","Slab","Bulwark","bulwark","Icon_bulwark.png","placeholder","","?14","Perisai menyerap 320 damage selama 10 detik, DAN mengeraskan kulit selama","A massive rectangular tower shield planted into cracked ground, face carved from thick stone slabs with rivet studs, a faint violet glow seeping through the seams between slabs. Calm, immovable, symmetric. Arcane palette: bright violet #B478FF glow lines on deep void purple #2A1147 stone, gold accent #D9A441 rivets. dark fantasy game asset, toon shaded, thick uniform black outline, flat cel shading with only two tone steps, limited palette, strong rim light from upper left, bold readable silhouette, centered, no text, no watermark, no border frame, transparent background, painterly-graphic hybrid in the style of Hades and Cult of the Lamb","D:\GameGamma\Project_S1(fix)\Assets\GameData\Icons\Icon_bulwark.png"
"4","6","Skill","Fire","Fork","Ragnarok","ragnarok","Icon_ragnarok.png","placeholder","","Line","EVOLVED. Splits the field end to end.","a colossal burning greatsword plunged point-first into the earth, a molten fissure splitting the ground in a straight line from edge to edge beneath it, flames erupting along the whole crack, radiant gold #D9A441 blade over bright orange #FF6A26 fissure fire and deep ember red #7A1F0B broken ground, dark fantasy game asset, toon shaded, thick uniform black outline, flat cel shading with only two tone steps, limited palette, strong rim light from upper left, bold readable silhouette, centered, no text, no watermark, no border frame, transparent background, painterly-graphic hybrid in the style of Hades and Cult of the Lamb","D:\GameGamma\Project_S1(fix)\Assets\GameData\Icons\Icon_ragnarok.png"
"4","7","Skill","Arcane","Zed","Reckoning","reckoning","Icon_reckoning.png","placeholder","","?11","EVOLVED. Setiap musuh yang terbakar meledak sebesar tumpukan BURN-nya. Semakin","A great cracked judgment bell tolling, fire bursting out through its cracks in a violent star of flame, a heavy ring of force radiating from its rim. Arcane palette: violet #B478FF bell on deep void purple #2A1147, blazing fire orange #FF6A26 bursting from the cracks. dark fantasy game asset, toon shaded, thick uniform black outline, flat cel shading with only two tone steps, limited palette, strong rim light from upper left, bold readable silhouette, centered, no text, no watermark, no border frame, transparent background, painterly-graphic hybrid in the style of Hades and Cult of the Lamb","D:\GameGamma\Project_S1(fix)\Assets\GameData\Icons\Icon_reckoning.png"
"4","7","Skill","Fire","Aitch","Chaos Meteor","chaosmeteor","Icon_chaosmeteor.png","placeholder","","?18","Meteor yang jatuh lalu terus menggelinding melintasi lapangan, membakar","a colossal flaming meteor that has crashed and keeps rolling, a cracked burning boulder tearing across scorched ground, a curving trench of fire blazing along its entire path behind it, chunks of molten rock breaking loose, bright orange #FF6A26 flames over deep ember red #7A1F0B rock with gold #D9A441 molten cracks, dark fantasy game asset, toon shaded, thick uniform black outline, flat cel shading with only two tone steps, limited palette, strong rim light from upper left, bold readable silhouette, centered, no text, no watermark, no border frame, transparent background, painterly-graphic hybrid in the style of Hades and Cult of the Lamb","D:\GameGamma\Project_S1(fix)\Assets\GameData\Icons\Icon_chaosmeteor.png"
"4","7","Skill","Fire","Hook","Doom Nova","novakiamat","Icon_novakiamat.png","placeholder","","Nova","EVOLVED. The heaviest blast in the book. Applies BURN.","an apocalyptic double shockwave ring exploding outward from a blinding central star, the inner ring a wall of jagged flame teeth, the outer ring a thinner blast halo, the ground beneath cracking radially, bright orange #FF6A26 rings over deep ember red #7A1F0B fractured ground with a gold #D9A441 core star, dark fantasy game asset, toon shaded, thick uniform black outline, flat cel shading with only two tone steps, limited palette, strong rim light from upper left, bold readable silhouette, centered, no text, no watermark, no border frame, transparent background, painterly-graphic hybrid in the style of Hades and Cult of the Lamb","D:\GameGamma\Project_S1(fix)\Assets\GameData\Icons\Icon_novakiamat.png"
"4","7","Skill","Ice","Hook","Winter's End","wintersend","Icon_wintersend.png","placeholder","","AreaAtTarget","EVOLVED. An eight-metre crater of ice, dropped where it hurts most.","a colossal jagged chunk of glacier slammed point-first into the ground, seen at a slight three-quarter angle, a wide shattered ice crater ringed with upthrust frozen shards radiating around the impact, fracture lines bursting outward across the rim, monumental pale ice #6FD6FF mass over deep teal #123A52 crater shadow, white impact flare at the base, dark fantasy game asset, toon shaded, thick uniform black outline, flat cel shading with only two tone steps, limited palette, strong rim light from upper left, bold readable silhouette, centered, no text, no watermark, no border frame, transparent background, painterly-graphic hybrid in the style of Hades and Cult of the Lamb","D:\GameGamma\Project_S1(fix)\Assets\GameData\Icons\Icon_wintersend.png"
"4","7","Skill","Lightning","Hook","Thunder Crown","thundercrown","Icon_thundercrown.png","placeholder","","Chain","EVOLVED. Empat cabang, tiga lompatan masing-masing. Menyapu gerombolan melebar,","A royal crown forged entirely from lightning, its four tall prongs each a thick upward zigzag bolt tipped with a small flare, the circlet band a solid angular ring, crown in bright golden yellow #FFD84D with storm umber #4A3A00 inner shadow and a faint gold accent #D9A441 gleam on the band, dark fantasy game asset, toon shaded, thick uniform black outline, flat cel shading with only two tone steps, limited palette, strong rim light from upper left, bold readable silhouette, centered, no text, no watermark, no border frame, transparent background, painterly-graphic hybrid in the style of Hades and Cult of the Lamb","D:\GameGamma\Project_S1(fix)\Assets\GameData\Icons\Icon_thundercrown.png"
"4","8","Skill","Lightning","Ring","Tornado","tornado","Icon_tornado.png","placeholder","","?19","Puting beliung. Menyeret lebih kuat, mengangkat lebih lama, dan mengembara","A towering funnel cloud shaped like an inverted spinning top, wide ragged crown narrowing to a whipping tail that kicks up a small debris cloud, one thick lightning bolt trapped spiralling inside the funnel, funnel in storm umber #4A3A00 and ink #14100C with the inner bolt and rim edges in bright golden yellow #FFD84D, dark fantasy game asset, toon shaded, thick uniform black outline, flat cel shading with only two tone steps, limited palette, strong rim light from upper left, bold readable silhouette, centered, no text, no watermark, no border frame, transparent background, painterly-graphic hybrid in the style of Hades and Cult of the Lamb","D:\GameGamma\Project_S1(fix)\Assets\GameData\Icons\Icon_tornado.png"
"5","8","Skill","Arcane","Chunk","Singularity","singularity","Icon_singularity.png","placeholder","","Zone","""EVOLVED. Lubang yang MENGEMBARA \u2014 dia menyeret gerombolan ke dalam","A ravenous black hole with a bright tilted accretion ring, leaning forward mid-travel with a comet-like wake trailing behind it, streaks of matter spiraling into its maw from the front. It is walking, hungry, alive. Arcane palette: ink #14100C void core with bright violet #B478FF accretion ring on deep void purple #2A1147, gold accent #D9A441 ring highlight. dark fantasy game asset, toon shaded, thick uniform black outline, flat cel shading with only two tone steps, limited palette, strong rim light from upper left, bold readable silhouette, centered, no text, no watermark, no border frame, transparent background, painterly-graphic hybrid in the style of Hades and Cult of the Lamb","D:\GameGamma\Project_S1(fix)\Assets\GameData\Icons\Icon_singularity.png"
"5","8","Skill","Ice","Ring","Absolute Zero","absolutezero","Icon_absolutezero.png","placeholder","","Radial","EVOLVED. Tidak membidik siapa pun. Enam belas pecahan es menyembur ke SEGALA","a violent frozen starburst of sixteen needle-thin ice shards firing outward in every direction from a pitch-black frozen core, the shard array subtly twisted into a pinwheel spiral as if caught mid-rotation, the core rimmed with a thin cracked halo of frost, blinding pale ice #6FD6FF needles over deep teal #123A52 halo against the near-black heart, white sparks at three shard tips, dark fantasy game asset, toon shaded, thick uniform black outline, flat cel shading with only two tone steps, limited palette, strong rim light from upper left, bold readable silhouette, centered, no text, no watermark, no border frame, transparent background, painterly-graphic hybrid in the style of Hades and Cult of the Lamb","D:\GameGamma\Project_S1(fix)\Assets\GameData\Icons\Icon_absolutezero.png"
"5","8","Skill","Lightning","Chunk","Maelstrom","maelstrom","Icon_maelstrom.png","placeholder","","?19","Badai yang menelan setengah lapangan. Apa pun yang sampai ke matanya menggantung","A colossal hurricane seen from directly above, three thick spiral storm arms curling into a single glowing eye at the centre, tiny helpless dark silhouettes suspended in the arms, spiral arms in storm umber #4A3A00 and ink #14100C, the eye and the crackling arm edges in blazing golden yellow #FFD84D, dark fantasy game asset, toon shaded, thick uniform black outline, flat cel shading with only two tone steps, limited palette, strong rim light from upper left, bold readable silhouette, centered, no text, no watermark, no border frame, transparent background, painterly-graphic hybrid in the style of Hades and Cult of the Lamb","D:\GameGamma\Project_S1(fix)\Assets\GameData\Icons\Icon_maelstrom.png"
"5","9","Skill","Fire","Big3","Cataclysm","cataclysm","Icon_cataclysm.png","placeholder","","AreaAtTarget","EVOLVED. Langit terbuka. Tidak ada yang selamat dua kali di dalam kawah.","the sky itself torn open in a jagged burning rift, a colossal sphere of fire descending through the tear toward a vast cracked crater, the crater rim ringed with upthrust broken rock and flame, radial scorch lines fanning from the impact point, bright orange #FF6A26 rift and fire over deep ember red #7A1F0B crater with a gold #D9A441 blinding center, dark fantasy game asset, toon shaded, thick uniform black outline, flat cel shading with only two tone steps, limited palette, strong rim light from upper left, bold readable silhouette, centered, no text, no watermark, no border frame, transparent background, painterly-graphic hybrid in the style of Hades and Cult of the Lamb","D:\GameGamma\Project_S1(fix)\Assets\GameData\Icons\Icon_cataclysm.png"
"5","9","Skill","Fire","Big3","Solar Flare","solarflare","Icon_solarflare.png","placeholder","","?17","Langit terbuka. Satu detik penuh aba-aba, lalu seperempat lapangan hangus.","a huge wrathful sun disc breaking through parted clouds, a massive column of solar fire pouring straight down and scorching a wide arc of ground into glowing cinders, curved flare prominences arcing off the sun's rim, radiant gold #D9A441 sun and beam over bright orange #FF6A26 flare arcs and deep ember red #7A1F0B scorched earth, dark fantasy game asset, toon shaded, thick uniform black outline, flat cel shading with only two tone steps, limited palette, strong rim light from upper left, bold readable silhouette, centered, no text, no watermark, no border frame, transparent background, painterly-graphic hybrid in the style of Hades and Cult of the Lamb","D:\GameGamma\Project_S1(fix)\Assets\GameData\Icons\Icon_solarflare.png"
"5","9","Skill","Lightning","Big3","Stormbreaker","stormbreaker","Icon_stormbreaker.png","placeholder","","Chain","EVOLVED. Delapan cabang petir berangkat sekaligus, tiap cabang melompat","A blazing wheel of eight thick lightning bolts radiating outward from one white-hot core like a shattered sun, each bolt a fat two-bend zigzag ending in a small strike flare, no two bolts parallel, core and bolts in bright golden yellow #FFD84D over a storm umber #4A3A00 corona with ink #14100C between the spokes, dark fantasy game asset, toon shaded, thick uniform black outline, flat cel shading with only two tone steps, limited palette, strong rim light from upper left, bold readable silhouette, centered, no text, no watermark, no border frame, transparent background, painterly-graphic hybrid in the style of Hades and Cult of the Lamb","D:\GameGamma\Project_S1(fix)\Assets\GameData\Icons\Icon_stormbreaker.png"
